ID,CODE_ETAT,ETAT,CODE_CITY,NOM,NOM_FR,LATITUDE,LONGITUDE,POP1950,POP1955,POP1960,POP1965,POP1970,POP1975,POP1980,POP1985,POP1990,POP1995,POP2000,POP2005,POP2010,POP2015,POP2020,POP2025,POP2030,POP2035,ET2018,ETETR2018,NUNIV2018,ARWU2018,NHCR2018,TINT2016,PMUNESCO,EVP2016,TON2016,PASS2017,HUBINT18,STPOL,COOPREG,GVMOND,PIB2014,PIBHAB14,KBOURS18,GF2016,GF2017,GF2018,GaWC2000,GaWC2012,GaWC2016,GaWC2018
"1221","528",Netherlands,"21930",Amsterdam,AMSTERDAM,52.374029999999998,4.889690000000000,850.777000000000044,871.172000000000025,895.229000000000042,942.075000000000045,927.414999999999964,978.461000000000013,940.602999999999952,906.936000000000035,935.538000000000011,987.822999999999979,1004.643000000000029,1024.730999999999995,1064.616999999999962,1106.056000000000040,1148.971999999999980,1189.204999999999927,1218.917999999999893,1236.929000000000087,"23778","2853","1","0","26",8.359999999999999,"2",,96035.000000000000000,"68515425",OUI,Capitale,,,"320600",45265.000000000000000,3730398.299999999813735,"5","5","7",3. ALPHA,3. ALPHA,3. ALPHA,4. ALPHA -
"1678","840",United States of America,"22922",Atlanta,ATLANTA,33.759999999999998,-84.400000000000006,513.150999999999954,631.043999999999983,776.250999999999976,959.153000000000020,1182.138999999999896,1386.472999999999956,1625.066000000000031,1879.348999999999933,2183.976000000000113,2781.275999999999840,3522.085000000000036,4000.561999999999898,4544.198000000000320,5161.710000000000036,5803.064999999999600,6271.682999999999993,6602.212999999999738,6889.310000000000400,"34550","8443","2","1","0",,"0",,,"103902992",NON,Capitale regionale,,,"294420",52609.000000000000000,,"4","4","4",4. ALPHA -,4. ALPHA -,5. BETA+,5. BETA+
"1562","764",Thailand,"22617",Krung Thep (Bangkok),BANGKOK,13.721964000000000,100.525248000000005,1360.000000000000000,1711.705999999999904,2150.853000000000065,2584.465999999999894,3109.945000000000164,3842.023000000000138,4723.143000000000029,5279.127000000000407,5888.835000000000036,6123.394000000000233,6395.429000000000087,7272.015999999999622,8269.045000000000073,9402.771000000000640,10539.415000000000873,11391.703999999999724,12100.611999999999171,12679.613999999999578,"0","0","0","0","0",19.410000000000000,"1",1489.924999999999955,,,OUI,Capitale,,Commission economique et sociale pour l'Asie et le Pacifique (ONU),"306765",19705.000000000000000,500741.000000000000000,"1","1","1",4. ALPHA -,4. ALPHA -,4. ALPHA -,3. ALPHA
"1514","724",Spain,"22525",Barcelona,BARCELONA,41.388790000000000,2.158990000000000,1809.390000000000100,2102.798999999999978,2467.925999999999931,2929.523000000000138,3482.047000000000025,3679.139000000000124,3836.760999999999967,3969.014000000000124,4100.807999999999993,4226.951000000000022,4355.425000000000182,4612.350000000000364,4933.547999999999774,5276.918999999999869,5585.555999999999585,5733.247000000000298,5811.895999999999731,5868.912000000000262,"0","0","0","0","0",8.359999999999999,"2",2180.382000000000062,47513.000000000000000,,NON,Capitale regionale,,,"171032",36157.000000000000000,,,,,,,,
"204","156",China,"20464",Beijing,BEIJING,39.907499999999999,116.397229999999993,1671.365000000000009,2364.625000000000000,3900.440999999999804,4582.016999999999825,4426.045000000000073,4827.972999999999956,5366.372000000000298,6017.488000000000284,6787.737000000000080,8355.147999999999229,10285.091000000000349,12991.291999999999462,16441.252000000000407,18421.198000000000320,20462.610000000000582,22596.455000000001746,24281.913000000000466,25365.919999999998254,"79459","11293","2","2","125",,"3",,,"95786442",OUI,Capitale,,,"506137",23390.000000000000000,,"57","56","53",5. BETA+,2. ALPHA +,2. ALPHA +,2. ALPHA +
"622","170",Colombia,"20837",Bogotá,BOGOTA,4.609710000000000,-74.081750000000000,630.315000000000055,894.187000000000012,1268.644999999999982,1779.758000000000038,2383.425000000000182,3040.465000000000146,3525.153999999999996,4086.775000000000091,4740.448000000000320,5488.070999999999913,6329.384000000000015,7299.095000000000255,8417.704999999999927,9707.745999999999185,10978.360000000000582,11795.828999999999724,12343.363999999999578,12753.324000000000524,"0","0","0","0","0",1.210000000000000,"0",,,,NON,Capitale,,,"159850",17497.000000000000000,103828.399999999994179,"0","0","0",6. BETA,6. BETA,4. ALPHA -,4. ALPHA -
"1687","840",United States of America,"22939",Boston,BOSTON,42.347918999999997,-71.064530000000005,2550.818000000000211,2680.181000000000040,2817.994999999999891,3000.275000000000091,3186.722999999999956,3233.054999999999836,3281.045999999999822,3348.643000000000029,3428.371000000000095,3725.835999999999785,4036.112999999999829,4109.770000000000437,4184.792000000000371,4261.184000000000196,4308.634000000000015,4395.505000000000109,4581.100000000000364,4778.453999999999724,"56971","15966","3","3","313",2.210000000000000,"0",,,,NON,Capitale regionale,,,"360110",76204.000000000000000,,"4","3","4",6. BETA,4. ALPHA -,5. BETA+,5. BETA+
"75","56",Belgium,"20144",Bruxelles-Brussel,BRUXELLES,50.846735000000002,4.349919000000000,1414.671000000000049,1449.246000000000095,1484.675999999999931,1524.767000000000053,1567.634999999999991,1610.209000000000060,1653.779999999999973,1676.194999999999936,1695.478000000000065,1714.983999999999924,1782.747000000000071,1853.146999999999935,1926.347999999999956,2002.441000000000031,2080.788000000000011,2141.514999999999873,2181.922999999999774,2214.690999999999804,"0","0","0","0","0",,"3",,,,OUI,Capitale,Union Europeenne,,"254327",46298.000000000000000,,"1","0","0",3. ALPHA,3. ALPHA,3. ALPHA,3. ALPHA
"761","348",Hungary,"21138",Budapest,BUDAPEST,47.498010000000001,19.039909999999999,1617.845000000000027,1713.551999999999907,1811.119999999999891,1877.915999999999940,1945.953999999999951,2004.807999999999993,2057.204000000000178,2035.788000000000011,2005.208000000000084,1893.107999999999947,1787.247000000000071,1755.959000000000060,1734.397999999999911,1745.894000000000005,1768.073000000000093,1782.242999999999938,1785.664999999999964,1784.199000000000069,"0","0","0","0","0",,"1",,,,OUI,Capitale,,,"97957",34519.000000000000000,28934.599999999998545,"0","0","0",5. BETA+,5. BETA+,5. BETA+,4. ALPHA -
"24","32",Argentina,"20058",Buenos Aires,BUENOS AIRES,-34.605083000000000,-58.400368000000000,5166.140000000000327,5910.270999999999731,6761.837000000000444,7548.511000000000422,8416.170000000000073,9143.218999999999141,9919.781000000000859,10523.441999999999098,11147.566000000000713,11806.406999999999243,12503.870999999999185,13329.540000000000873,14245.870999999999185,14705.532999999999447,15153.728999999999360,15752.274999999999636,16456.115000000001601,17127.741000000001804,"0","0","0","0","0",1.850000000000000,"0",,,,OUI,Capitale,,,"315885",23606.000000000000000,45986.099999999998545,"0","0","0",4. ALPHA -,4. ALPHA -,4. ALPHA -,3. ALPHA
"1694","840",United States of America,"22956",Chicago,CHICAGO,41.850029999999997,-87.650049999999993,4999.060000000000400,5564.573000000000320,6183.153000000000247,6638.873999999999796,7105.798999999999978,7160.444999999999709,7216.189999999999600,7285.121000000000095,7373.694999999999709,7838.717999999999847,8315.244000000000597,8464.183999999999287,8615.834000000000742,8770.200999999999112,8865.009000000000015,9042.164000000000669,9423.671000000000276,9829.631999999999607,"31162","6735","2","2","36",2.460000000000000,"0",,,"79828183",NON,,,,"563188",58861.000000000000000,,"11","11","8",3. ALPHA,3. ALPHA,3. ALPHA,3. ALPHA
"808","356",India,"21228",Delhi,DELHI,28.666670000000000,77.216669999999993,1369.368999999999915,1781.624000000000024,2282.961999999999989,2845.041999999999916,3530.693000000000211,4436.385000000000218,5587.014000000000124,7225.757999999999811,9384.209000000000742,12138.233000000000175,15691.898999999999432,18691.330000000001746,21987.895000000000437,25865.875000000000000,30290.936000000001513,34665.569000000003143,38938.697000000000116,43345.059000000001106,"0","0","0","0","0",,"3",,,"63451503",NON,Capitale,,,"293637",12747.000000000000000,,,,,,,,
"1635","784",United Arab Emirates,"22635",Dubayy (Dubai),DUBAI,25.272061000000001,55.311264999999999,20.000000000000000,25.905999999999999,33.558999999999997,43.466000000000001,72.879999999999995,165.700999999999993,254.360999999999990,344.610999999999990,472.701000000000022,649.754999999999995,906.971000000000004,1267.755000000000109,1874.729000000000042,2401.067000000000007,2878.344000000000051,3094.643000000000029,3314.985000000000127,3526.253999999999905,"0","0","0","0","0",14.869999999999999,"0",15736.144000000000233,173973.000000000000000,"88242099",OUI,Capitale,,,"82867",24866.000000000000000,93760.000000000000000,,,,,,,
"1021","372",Ireland,"21542",Dublin,DUBLIN,53.333060000000003,-6.248890000000000,626.130999999999972,647.022000000000048,661.201999999999998,723.149000000000001,771.082999999999970,833.052999999999997,903.490999999999985,920.037000000000035,916.385999999999967,946.470000000000027,988.538999999999987,1037.261999999999944,1100.238000000000056,1162.823000000000093,1228.179000000000087,1299.108999999999924,1374.007000000000062,1455.003999999999905,"0","0","0","0","0",5.510000000000000,"0",2483.362000000000080,,,NON,Capitale,,,"90137",51319.000000000000000,110154.399999999994179,"0","4","4",4. ALPHA -,4. ALPHA -,4. ALPHA -,4. ALPHA -
"737","276",Germany,"204332",Frankfurt am Main,FRANCFORT,50.116669999999999,8.683330000000000,532.413000000000011,594.936000000000035,668.441000000000031,676.951000000000022,669.259000000000015,649.964000000000055,631.219000000000051,597.493000000000052,639.975999999999999,651.235999999999990,645.183999999999969,649.381999999999948,681.370000000000005,727.366999999999962,777.155999999999949,803.758000000000038,813.634000000000015,821.120999999999981,"0","0","0","0","0",,"0",,,"64500386",OUI,,Union Europeenne,,"229985",51645.000000000000000,1755172.800000000046566,"3","3","3",3. ALPHA,3. ALPHA,3. ALPHA,3. ALPHA
"283","156",China,"20517",Guangzhou,GUANGZHOU,23.125457000000001,113.257373999999999,1048.974999999999909,1155.063000000000102,1271.913999999999987,1400.510999999999967,1542.151000000000067,1698.115999999999985,1869.904999999999973,2355.565999999999804,3245.990999999999985,5035.338999999999942,7812.007999999999811,9055.056000000000495,10278.197000000000116,11694.881999999999607,13301.531999999999243,14878.691000000000713,16024.165000000000873,16740.973000000001775,"0","0","0","0","0",,"0",18311.000000000000000,544374.000000000000000,"65887473",NON,Capitale regionale,,,"380264",29014.000000000000000,,"3","3","3",10. GAMMA-,5. BETA+,4. ALPHA -,3. ALPHA
"610","344",China ( Hong Kong SAR),"21137",Hong Kong,HONG KONG,22.279588000000000,114.188697000000005,1681.846000000000004,2121.568000000000211,2611.539000000000215,3015.434999999999945,3397.838999999999942,3799.487000000000080,4496.587999999999738,4959.720999999999549,5753.523000000000138,6140.100999999999658,6663.654000000000451,6827.761000000000422,7025.220999999999549,7245.701000000000022,7547.652000000000044,7768.510000000000218,7987.248999999999796,8126.740999999999985,"46399","16916","3","0","0",8.859999999999999,"0",19813.000000000000000,256730.000000000000000,"72664075",OUI,Capitale regionale,,,"416047",57244.000000000000000,3819215.399999999906868,"7","6","8",2. ALPHA +,2. ALPHA +,2. ALPHA +,2. ALPHA +
"1724","840",United States of America,"23014",Houston,HOUSTON,29.760192700000001,-95.369389600000005,709.057999999999993,904.366999999999962,1150.692999999999984,1396.178000000000111,1693.123000000000047,2030.215999999999894,2423.766000000000076,2658.135000000000218,2921.851000000000113,3353.378000000000156,3847.050000000000182,4375.256000000000313,4976.162000000000262,5659.597999999999956,6370.703999999999724,6889.802999999999884,7253.756000000000313,7569.220000000000255,"6554","1835","1","2","0",,"0",,224968.964673600014066,,NON,,,,"483184",74926.000000000000000,,"7","5","6",7. BETA-,5. BETA+,5. BETA+,4. ALPHA -
"1600","792",Turkey,"22691",Istanbul,ISTANBUL,41.013800000000003,28.949700000000000,967.496999999999957,1248.709000000000060,1453.353000000000065,2001.192000000000007,2772.094999999999800,3600.331999999999880,4397.037000000000262,5407.296999999999571,6552.159999999999854,7665.403000000000247,8743.868000000000393,10465.693999999999505,12584.885000000000218,14126.772000000000844,15190.335999999999331,16236.702999999999520,17124.240000000001601,17986.296999999998661,"0","0","0","0","0",9.160000000000000,"0",,,"64119374",OUI,Capitale,,,"348721",24867.000000000000000,149263.600000000005821,"1","1","1",5. BETA+,4. ALPHA -,3. ALPHA,3. ALPHA
"955","360",Indonesia,"21454",Jakarta,JAKARTA,-6.211831000000000,106.841645999999997,1452.000000000000000,1972.105999999999995,2678.739999999999782,3296.963999999999942,3915.405999999999949,4813.131999999999607,5984.256000000000313,7009.029999999999745,8174.756000000000313,8321.858000000000175,8389.759000000000015,8988.406000000000859,9625.578999999999724,10173.388000000000829,10770.486999999999171,11634.077999999999520,12686.755999999999403,13688.320999999999913,"0","0","0","0","0",,"0",,,"63015620",OUI,Capitale,Association des Nations de l’Asie du Sud-Est,,"321315",9984.000000000000000,486765.900000000023283,"1","1","1",4. ALPHA -,4. ALPHA -,3. ALPHA,3. ALPHA
"1502","710",South Africa,"22486",Johannesburg,JOHANNESBURG,-26.202269999999999,28.043630000000000,910.549999999999955,1022.265999999999963,1147.724999999999909,1288.499000000000024,1443.041999999999916,1497.733999999999924,1554.516000000000076,1625.086999999999989,1878.673999999999978,2421.063000000000102,3045.543000000000120,3623.047999999999774,4249.354000000000269,4984.804000000000087,5782.747000000000298,6444.574999999999818,6978.417000000000371,7461.163999999999760,"0","0","0","0","0",4.570000000000000,"0",,,,NON,Capitale regionale,,,"82918",16370.000000000000000,865327.699999999953434,"0","0","0",5. BETA+,4. ALPHA -,3. ALPHA,4. ALPHA -
"1133","458",Malaysia,"206411",Kuala Lumpur,KUALA LUMPUR,3.141200000000000,101.686530000000005,261.528000000000020,299.730000000000018,343.526999999999987,393.692000000000007,451.201000000000022,660.984000000000037,971.445000000000050,1427.426999999999907,2097.661000000000058,2974.960999999999785,4176.469000000000051,4926.787000000000262,5809.953000000000429,6851.430999999999585,7996.829999999999927,9000.280000000000655,9805.248999999999796,10466.823000000000320,"0","0","0","0","0",11.279999999999999,"0",,,,OUI,Capitale,,,"171772",28076.000000000000000,398018.700000000011642,"1","1","1",4. ALPHA -,3. ALPHA,3. ALPHA,3. ALPHA
"1364","620",Portugal,"22167",Lisboa (Lisbon),LISBONNE,38.716859999999997,-9.139867000000001,1303.549999999999955,1404.758000000000038,1513.855999999999995,1657.002999999999929,1816.576999999999998,2103.347000000000207,2448.927999999999884,2518.253000000000156,2537.262999999999920,2599.860999999999876,2672.447999999999865,2741.554000000000087,2811.563000000000102,2883.360000000000127,2956.878999999999905,3028.268000000000029,3084.949000000000069,3124.833000000000084,"0","0","0","0","0",,"1",,,,NON,Capitale,,,"96282",32434.000000000000000,,"0","0","0",5. BETA+,5. BETA+,4. ALPHA -,4. ALPHA -
"1649","826",United Kingdom,"22860",London,LONDRES,51.508530000000000,-0.125740000000000,8360.846999999999753,8277.907999999999447,8195.769000000000233,7868.506000000000313,7509.404999999999745,7124.382999999999811,6751.195999999999913,6740.953999999999724,6794.399999999999636,7029.507999999999811,7272.819000000000415,7501.216999999999643,8044.432999999999993,8661.380999999999403,9304.015999999999622,9840.742000000000189,10228.050999999999476,10556.486000000000786,"82442","42586","4","3","70",19.059999999999999,"4",1388.282999999999902,50380.000000000000000,"78014598",OUI,Capitale,,Organisation maritime internationale (ONU),"835658",57157.000000000000000,3637996.000000000000000,"22","21","17",1. ALPHA ++,1. ALPHA ++,1. ALPHA ++,1. ALPHA ++
"1742","840",United States of America,"23052",Los Angeles-Long Beach-Santa Ana,LOS ANGELES,34.031655999999998,-118.241715999999997,4045.514000000000124,5154.301000000000386,6529.637999999999920,7407.634000000000015,8377.684999999999491,8925.518000000000029,9511.567999999999302,10181.172000000000480,10883.429000000000087,11338.889999999999418,11798.344999999999345,11977.856999999999971,12160.150999999999840,12345.218999999999141,12446.596999999999753,12677.558999999999287,13209.244000000000597,13778.153000000000247,"77229","16240","3","3","25",5.680000000000000,"0",15631.953999999999724,127397.077210000003106,"84557968",OUI,,,,"860452",65082.000000000000000,,"3","2","1",3. ALPHA,3. ALPHA,3. ALPHA,3. ALPHA
,"442",Luxembourg,"21790",Luxembourg,LUXEMBOURG,49.611669999999997,6.130000000000000,,,119.751999999999995,,,,,,,,,,,,120.000000000000000,,,,"0","0","0","0","0",,"1",,,,NON,Capitale,,,"62464",52703.000000000000000,49482.599999999998545,"1","1","1",7. BETA-,5. BETA+,4. ALPHA -,4. ALPHA -
"1518","724",Spain,"22549",Madrid,MADRID,40.416499999999999,-3.702560000000000,1699.751999999999953,2017.611000000000104,2391.543000000000120,2898.119000000000142,3520.860999999999876,3890.208000000000084,4253.189999999999600,4354.613000000000284,4413.869999999999891,4687.690999999999804,5014.411000000000058,5383.402000000000044,5787.391999999999825,6221.449999999999818,6617.512999999999920,6810.529999999999745,6907.132999999999811,6975.016999999999825,"0","0","0","0","0",,"2",,,,OUI,Capitale,,Organisation mondiale du tourisme (ONU),"262335",39288.000000000000000,723691.000000000000000,"5","5","6",3. ALPHA,3. ALPHA,3. ALPHA,3. ALPHA
"1348","608",Philippines,"22109",Manila,MANILLE,14.604200000000001,120.982200000000006,1543.665999999999940,1871.605000000000018,2273.733999999999924,2828.882999999999811,3534.309000000000196,4999.302999999999884,5954.719000000000051,6887.920000000000073,7972.798999999999978,9401.254999999999200,9957.961999999999534,10750.752000000000407,11887.189000000000306,12860.058000000000902,13923.451999999999316,15230.558999999999287,16841.340000000000146,18649.421999999998661,"0","0","0","0","0",,"1",4427.386000000000422,61069.000000000000000,,NON,Capitale,,,"182842",14222.000000000000000,258155.700000000011642,"0","0","0",5. BETA+,5. BETA+,4. ALPHA -,4. ALPHA -
"46","36",Australia,"206168",Melbourne,MELBOURNE,-37.814000000000000,144.963320000000010,1331.965999999999894,1574.413999999999987,1851.220000000000027,2067.735000000000127,2499.108999999999924,2732.059000000000196,2839.018999999999778,2968.592999999999847,3154.313999999999851,3282.619000000000142,3360.804000000000087,3572.503999999999905,3932.257000000000062,4429.930999999999585,4967.733000000000175,5391.886000000000422,5736.197000000000116,6055.587999999999738,"94758","36317","2","2","33",,"1",2615.592000000000098,,,NON,Capitale regionale,,,"178392",40244.000000000000000,,"2","3","3",4. ALPHA -,4. ALPHA -,4. ALPHA -,3. ALPHA
"1147","484",Mexico,"21853",Ciudad de México (Mexico City),MEXICO CITY,19.427318000000000,-99.141869000000000,3365.081000000000131,4293.877999999999702,5479.184000000000196,6969.157000000000153,8830.947000000000116,10733.860000000000582,13027.620000000000800,14278.216000000000349,15642.317999999999302,17017.469000000000960,18457.026999999998225,19276.064999999998690,20136.681000000000495,21339.780999999999040,21782.378000000000611,22752.414000000000669,24110.598999999998341,25414.623999999999796,"0","0","0","0","0",3.010000000000000,"3",,,,OUI,Capitale,Accord Canada-Etats-Unis-Mexique,,"403561",19239.000000000000000,385051.400000000023283,"2","2","3",4. ALPHA -,3. ALPHA,3. ALPHA,3. ALPHA
"1747","840",United States of America,"23064",Miami,MIAMI,25.789097000000002,-80.204043999999996,621.798999999999978,923.666000000000054,1360.807000000000016,1708.525000000000091,2141.242999999999938,2590.112000000000080,3122.349000000000160,3521.313999999999851,3969.349000000000160,4430.783999999999651,4932.764000000000124,5217.037000000000262,5517.777000000000044,5835.854000000000269,6122.134000000000015,6371.935999999999694,6664.087000000000444,6952.113000000000284,"0","0","0","0","0",5.860000000000000,"0",,,,OUI,,,,"262697",44480.000000000000000,,"1","1","1",4. ALPHA -,4. ALPHA -,4. ALPHA -,3. ALPHA
"1040","380",Italy,"21571",Milano (Milan),MILAN,45.553069999999998,9.183439999999999,1883.420000000000073,2099.327000000000226,2395.130000000000109,2694.586999999999989,3016.927000000000135,3133.356000000000222,3168.195000000000164,3128.342999999999847,3062.900000000000091,3019.889999999999873,2984.836999999999989,3009.628999999999905,3056.106999999999971,3103.353999999999814,3140.181000000000040,3167.447000000000116,3208.824999999999818,3250.588000000000193,"0","0","0","0","0",8.170000000000000,"1",,,,OUI,Capitale regionale,,,"312108",41147.000000000000000,,"2","2","1",3. ALPHA,3. ALPHA,3. ALPHA,3. ALPHA
"167","124",Canada,"20384",Montréal,MONTREAL,45.508839999999999,-73.587810000000005,1343.462999999999965,1651.836000000000013,2031.107999999999947,2373.144999999999982,2684.215000000000146,2791.494000000000142,2823.606999999999971,2903.965000000000146,3153.675000000000182,3305.461999999999989,3428.971000000000004,3674.000000000000000,3896.931999999999789,4070.121999999999844,4220.565999999999804,4377.305999999999585,4572.739999999999782,4770.788999999999760,"37311","8582","1","0","0",2.410000000000000,"0",1447.566000000000031,,,NON,,,Organisation de l'aviation civile internationale (ONU),"155905",38867.000000000000000,,"3","1","1",6. BETA,5. BETA+,6. BETA,4. ALPHA -
"1427","643",Russian Federation,"22299",Moskva (Moscow),MOSCOU,55.754995999999998,37.621848999999997,5356.391999999999825,5748.746000000000095,6169.961000000000240,6621.779999999999745,7106.457000000000335,7622.703000000000429,8136.140999999999622,8579.920000000000073,8986.630999999999403,9200.994000000000597,10004.522999999999229,10751.427999999999884,11461.263999999999214,12049.135000000000218,12537.953999999999724,12737.355999999999767,12795.711999999999534,12822.747999999999593,"0","0","0","1","0",,"3",,,,OUI,Capitale,,,"553318",45803.000000000000000,576116.300000000046566,"5","4","4",5. BETA+,3. ALPHA,3. ALPHA,3. ALPHA
"882","356",India,"21206",Mumbai (Bombay),MUMBAI,19.073975000000001,72.880837999999997,3088.811000000000149,3726.210000000000036,4414.904000000000451,5314.300000000000182,6412.876000000000204,7685.345999999999549,9199.542999999999665,10685.530000000000655,12355.090000000000146,14135.362999999999374,16146.527000000000044,17257.072000000000116,18257.413000000000466,19315.737000000000990,20411.274000000001251,22088.953000000001339,24572.450000000000728,27342.818999999999505,"0","0","0","0","0",,"3",4500.149000000000342,125199.000000000000000,,OUI,Capitale regionale,,,"150853",7005.000000000000000,2085539.100000000093132,"5","5","4",4. ALPHA -,3. ALPHA,3. ALPHA,3. ALPHA
"745","276",Germany,"204371",München (Munich),MUNICH,48.137076000000000,11.573377000000001,830.976999999999975,936.153999999999996,1060.227000000000089,1175.084000000000060,1293.637999999999920,1296.160000000000082,1298.688000000000102,1267.000999999999976,1217.772999999999911,1240.527000000000044,1202.365999999999985,1254.401000000000067,1352.760999999999967,1439.858999999999924,1538.301999999999907,1590.891000000000076,1610.426999999999907,1625.246000000000095,"75115","15196","2","2","76",,"0",,,,NON,Capitale regionale,,,"219943",56322.000000000000000,,"4","4","4",6. BETA,4. ALPHA -,5. BETA -,4. ALPHA -
"1758","840",United States of America,"23083",New York-Newark,NEW YORK,40.717041999999999,-74.003663000000003,12338.470999999999549,13219.361999999999171,14163.521000000000640,15176.757999999999811,16191.180000000000291,15880.271000000000640,15601.400999999999840,15826.788000000000466,16085.599000000000160,16942.770000000000437,17813.370999999999185,18087.173999999999069,18365.261999999998807,18647.626000000000204,18803.551999999999680,19154.024000000001251,19957.604999999999563,20817.169999999998254,"91333","28438","4","5","65",12.699999999999999,"1",6251.953000000000429,121017.605990399999428,,OUI,,,Organisation des Nations Unies,"1403463",69915.000000000000000,30436313.000000000000000,"23","24","19",1. ALPHA ++,1. ALPHA ++,1. ALPHA ++,1. ALPHA ++
"715","250",France,"20985",Paris,PARIS,48.853409999999997,2.348800000000000,6283.018000000000029,6796.436999999999898,7410.734999999999673,7855.185000000000400,8208.120999999999185,8557.843999999999141,8669.349000000000160,8956.221999999999753,9330.326999999999316,9510.102999999999156,9736.538000000000466,10091.795000000000073,10460.118000000000393,10733.502000000000407,11017.229999999999563,11346.801999999999680,11709.788000000000466,12064.575000000000728,"63403","13497","2","3","0",15.449999999999999,"1",,,"69471442",OUI,Capitale,,Organisation des Nations Unies pour l'education,la science et la culture,715080.000000000000000,57241.000000000000000,"27","27","26",2. ALPHA +,2. ALPHA +,2. ALPHA +,2. ALPHA +
"650","203",Czechia,"20887",Praha (Prague),PRAGUE,50.088039999999999,14.420760000000000,934.788999999999987,967.241999999999962,1000.830000000000041,1037.678000000000111,1076.230000000000018,1125.782999999999902,1178.553000000000111,1196.512999999999920,1212.069999999999936,1194.444999999999936,1172.048999999999978,1198.590999999999894,1233.529999999999973,1269.488000000000056,1305.737000000000080,1331.934999999999945,1344.865000000000009,1352.374000000000024,"0","0","0","0","0",6.110000000000000,"1",,,,OUI,Capitale,,,"89181",46947.000000000000000,,"0","0","0",4. ALPHA -,4. ALPHA -,5. BETA -,4. ALPHA -
"1470","682",Saudi Arabia,"22432",Ar-Riyadh (Riyadh),RIYADH,24.690466000000001,46.709566000000002,111.123000000000005,131.467999999999989,155.544000000000011,226.770000000000010,407.540000000000020,710.374000000000024,1054.859999999999900,1566.058999999999969,2325.242999999999938,3034.951000000000022,3567.443999999999960,4252.231999999999971,5220.216999999999643,6218.322000000000116,7231.447000000000116,7952.860999999999876,8547.001000000000204,9058.394000000000233,"0","0","0","0","29",4.430000000000000,"1",,,,NON,Capitale,,,"163476",22139.000000000000000,496353.200000000011642,"1","1","1",9. GAMMA,6. BETA,4. ALPHA -,4. ALPHA -
"1049","380",Italy,"21588",Roma (Rome),ROME,41.894742999999998,12.481142000000000,1884.065000000000055,2142.916999999999916,2455.581000000000131,2780.217999999999847,3134.827999999999975,3300.293999999999869,3390.480000000000018,3538.418000000000120,3713.731000000000222,3738.572000000000116,3708.300999999999931,3807.382999999999811,3957.246999999999844,4113.185999999999694,4257.055999999999585,4347.104000000000269,4413.284999999999854,4471.094000000000051,"0","0","0","0","0",7.090000000000000,"3",,,,NON,Capitale,,Organisation des Nations Unies pour l’alimentation et l’agriculture / Programme Alimentaire Mondial,"163243",38025.000000000000000,,"1","3","3",6. BETA,5. BETA+,5. BETA+,4. ALPHA -
"1785","840",United States of America,"23130",San Francisco-Oakland,SAN FRANCISCO,37.759881000000000,-122.437392000000003,1855.207000000000107,2020.903000000000020,2199.844999999999800,2361.400999999999840,2528.927999999999884,2589.878000000000156,2656.367999999999938,2805.184999999999945,2960.885000000000218,3095.242999999999938,3229.902999999999793,3256.108999999999924,3282.534999999999854,3309.175000000000182,3313.702000000000226,3362.706999999999880,3501.485000000000127,3652.199000000000069,"52346","9851","2","3","192",4.410000000000000,"0",2369.641000000000076,,,OUI,,,,"491363",75381.546177511903807,,"10","12","11",3. ALPHA,4. ALPHA -,4. ALPHA -,4. ALPHA -
"183","152",Chile,"20439",Santiago,SANTIAGO,-33.456940000000003,-70.648269999999997,1321.646999999999935,1617.596999999999980,1979.926999999999907,2293.532000000000153,2646.661000000000058,3137.963000000000193,3720.639999999999873,4201.484999999999673,4615.918999999999869,5101.840000000000146,5658.363000000000284,6025.372999999999593,6269.329999999999927,6523.163999999999760,6767.222999999999956,6999.457000000000335,7243.453999999999724,7460.740999999999985,"0","0","0","0","0",,"0",,,,OUI,Capitale,,Commission economique pour l'Amerique latine et les Caraibes (ONU),"171436",23929.000000000000000,250739.600000000005821,"0","0","0",6. BETA,5. BETA+,4. ALPHA -,4. ALPHA -
"138","76",Brazil,"20287",São Paulo,SAO PAULO,-23.547499999999999,-46.636110000000002,2334.038000000000011,3043.827999999999975,3969.759000000000015,5494.149999999999636,7620.489999999999782,9614.015999999999622,12089.453999999999724,13394.815000000000509,14775.840000000000146,15913.472999999999956,17014.078000000001339,18288.133999999998196,19659.808000000000902,20883.045999999998457,22043.027999999998428,22990.007000000001426,23824.223000000001775,24490.135999999998603,"0","0","0","0","0",2.250000000000000,"0",,,,OUI,Capitale regionale,,,"430510",20650.000000000000000,,"4","4","3",3. ALPHA,3. ALPHA,3. ALPHA,3. ALPHA
"1390","410",Republic of Korea,"21758",Seoul,SEOUL,37.568260000000002,126.977829999999997,1021.030999999999949,1552.603000000000065,2361.195999999999913,3452.123000000000047,5311.569000000000415,6807.519000000000233,8244.352000000000771,9333.674000000000888,10517.565000000000509,10255.888999999999214,9879.073000000000320,9822.447000000000116,9796.045000000000073,9896.859000000000378,9963.451999999999316,10025.770000000000437,10163.143000000000029,10285.619000000000597,"49425","6398","2","0","0",12.390000000000001,"1",,,,OUI,Capitale,,,"845906",34355.000000000000000,1413716.500000000000000,"12","12","13",5. BETA+,4. ALPHA -,3. ALPHA,3. ALPHA
"449","156",China,"20656",Shanghai,SHANGHAI,31.222220000000000,121.458060000000003,4288.091000000000349,5712.858000000000175,6865.311999999999898,6428.131000000000313,6052.467999999999847,5658.128999999999905,5927.898000000000138,7096.279999999999745,8605.811999999999898,11072.063000000000102,14246.540999999999258,17055.788000000000466,20314.309000000001106,23482.181000000000495,27058.478999999999360,30482.139999999999418,32869.264999999999418,34341.241999999998370,"0","0","0","0","0",6.380000000000000,"0",37132.000000000000000,647446.000000000000000,"70001237",OUI,Capitale regionale,,Nouvelle banque de developpement (BRICS),"594005",24065.000000000000000,3919420.299999999813735,"9","8","7",4. ALPHA -,2. ALPHA +,2. ALPHA +,2. ALPHA +
"461","156",China,"20667",Shenzhen,SHENZHEN,22.541487000000000,114.063427000000004,3.148000000000000,5.112000000000000,8.302000000000000,13.480000000000000,21.890000000000001,35.546999999999997,58.982999999999997,193.113000000000000,875.000000000000000,2393.746999999999844,6550.413999999999760,8409.066000000000713,10222.915999999999258,11275.390999999999622,12356.819999999999709,13545.444999999999709,14537.252000000000407,15185.480999999999767,"0","0","0","0","0",,"0",23949.000000000000000,189509.000000000000000,,NON,,,,"363228",33731.000000000000000,2405459.500000000000000,"5","6","6",12. SUFFIENCY,7. BETA-,6. BETA,4. ALPHA -
"1490","702",Singapore,"22447",Singapore,SINGAPOUR,1.289670000000000,103.850070000000002,1016.426000000000045,1305.090999999999894,1633.086000000000013,1877.807999999999993,2072.289999999999964,2259.748000000000047,2411.699999999999818,2705.534999999999854,3012.952999999999975,3478.778999999999996,3913.960000000000036,4491.042000000000371,5074.252000000000407,5535.261999999999716,5935.052999999999884,6157.266999999999825,6342.470000000000255,6479.854999999999563,"56465","15810","2","2","68",13.109999999999999,"1",30903.599999999998545,593297.000000000000000,"62220000",OUI,Capitale,,,"365928",66864.000000000000000,687257.199999999953434,"3","3","3",2. ALPHA +,2. ALPHA +,2. ALPHA +,2. ALPHA +
"1538","752",Sweden,"22597",Stockholm,STOCKHOLM,59.332580000000000,18.064900000000002,741.081999999999994,772.181000000000040,804.595000000000027,1002.812000000000012,1095.846999999999980,1014.543000000000006,991.681000000000040,1012.260999999999967,1038.262999999999920,1137.631000000000085,1205.718000000000075,1247.968000000000075,1359.971999999999980,1495.198000000000093,1632.798000000000002,1737.765000000000100,1813.589999999999918,1873.339999999999918,"7898","1501","1","2","0",,"3",,,,OUI,Capitale,,,"142953",56250.000000000000000,1322817.500000000000000,"2","2","1",4. ALPHA -,4. ALPHA -,4. ALPHA -,4. ALPHA -
"50","36",Australia,"206167",Sydney,SYDNEY,-33.867849999999997,151.207320000000010,1689.934999999999945,1905.976000000000113,2134.672999999999774,2390.224000000000160,2892.476999999999862,3117.905999999999949,3252.110999999999876,3432.434999999999945,3631.940000000000055,3819.260000000000218,3779.704000000000178,3874.824999999999818,4165.738999999999578,4544.292999999999665,4925.987000000000080,5248.787999999999556,5566.118000000000393,5875.309000000000196,"84691","30055","2","2","0",,"1",2363.518000000000029,,,OUI,Capitale regionale,,,"223413",46344.000000000000000,1262800.300000000046566,"3","3","2",3. ALPHA,2. ALPHA +,3. ALPHA,2. ALPHA +
"614","158",China (Taiwan Province of China),"895000149",Taibei,TAIPEI,25.047008999999999,121.545680000000004,550.908000000000015,696.346999999999980,880.240000000000009,1112.551999999999907,1406.266000000000076,1777.520999999999958,2246.931999999999789,2497.432999999999993,2737.271000000000186,2703.630999999999858,2642.360999999999876,2636.403999999999996,2653.860999999999876,2685.628000000000156,2721.485000000000127,2779.197999999999865,2843.864999999999782,2889.567000000000007,"0","0","0","0","0",7.350000000000000,"0",,,,NON,Capitale,,,"327295",46102.000000000000000,9684668.500000000000000,"5","5","6",4. ALPHA -,4. ALPHA -,4. ALPHA -,3. ALPHA
"1025","376",Israel,"21549",Tel Aviv-Yafo (Tel Aviv-Jaffa),TEL AVIV,32.080880000000001,34.780569999999997,418.192000000000007,555.578999999999951,738.158000000000015,881.668999999999983,1029.175999999999931,1185.784000000000106,1355.510999999999967,1549.417999999999893,1771.127999999999929,2396.396999999999935,2739.385000000000218,3023.663000000000011,3310.530000000000200,3702.757999999999811,4181.479999999999563,4568.533000000000357,4915.578000000000429,5261.882999999999811,"0","0","0","0","0",0.990000000000000,"1",,,,NON,Capitale,,,"153297",42614.000000000000000,187466.399999999994179,"0","1","0",9. GAMMA,5. BETA+,4. ALPHA -,5. BETA+
"1088","392",Japan,"21671",Tokyo,TOKYO,35.689500000000002,139.691710000000000,11274.640999999999622,13712.679000000000087,16678.820999999999913,20284.370999999999185,23297.503000000000611,26614.733000000000175,28548.511999999998807,30303.794000000001688,32530.003000000000611,33586.572999999996682,34449.908000000003085,35621.544000000001688,36859.625999999996566,37256.108999999996740,37393.129000000000815,37036.203999999997905,36573.798999999999069,36014.029999999998836,"25828","2841","1","1","0",11.150000000000000,"1",4250.646999999999935,256380.000000000000000,"85408975",OUI,Capitale,,Université des Nations Unies,"1616792",43664.000000000000000,5296811.099999999627471,"39","38","39",2. ALPHA +,2. ALPHA +,2. ALPHA +,2. ALPHA +
"173","124",Canada,"20402",Toronto,TORONTO,43.700110000000002,-79.416300000000007,1068.305000000000064,1365.046000000000049,1744.327999999999975,2092.902999999999793,2534.788000000000011,2770.072000000000116,3008.032000000000153,3355.458999999999833,3806.956999999999880,4197.157000000000153,4607.141999999999825,5035.231999999999971,5499.233000000000175,5867.292000000000371,6196.730999999999767,6491.286000000000058,6792.840000000000146,7087.519000000000233,"72202","13718","1","1","28",4.990000000000000,"0",,,,OUI,Capitale regionale,,,"276313",45771.000000000000000,1937902.699999999953434,"7","7","7",3. ALPHA,3. ALPHA,3. ALPHA,3. ALPHA
"1362","616",Poland,"22161",Warszawa (Warsaw),VARSOVIE,52.229770000000002,21.011780000000002,767.860999999999990,941.567999999999984,1119.181000000000040,1211.556000000000040,1300.051999999999907,1443.903999999999996,1565.082000000000107,1596.375000000000000,1628.303000000000111,1651.701999999999998,1666.182999999999993,1683.509999999999991,1702.689000000000078,1740.174999999999955,1783.250999999999976,1800.232999999999947,1800.037000000000035,1802.237000000000080,"0","0","0","1","0",,"1",,,,OUI,Capitale,,,"141096",48681.000000000000000,160482.600000000005821,"0","0","0",5. BETA+,4. ALPHA -,3. ALPHA,3. ALPHA
"52","40",Austria,"20107",Wien (Vienna),VIENNE,48.206443000000000,16.370725000000000,1615.057999999999993,1620.880000000000109,1626.723999999999933,1624.320999999999913,1620.537000000000035,1582.652000000000044,1538.779999999999973,1534.855000000000018,1539.105999999999995,1544.082000000000107,1549.227000000000089,1640.994999999999891,1730.648999999999887,1834.981999999999971,1929.943999999999960,2005.497000000000071,2079.586999999999989,2153.583999999999833,"0","0","0","1","0",6.420000000000000,"2",,,,OUI,Capitale,,Office des Nations Unies / Agence internationale de l’energie atomique,"183712",48546.000000000000000,116802.000000000000000,"1","0","0",5. BETA+,4. ALPHA -,4. ALPHA -,4. ALPHA -
"1810","840",United States of America,"23174",Washington D.C.,WASHINGTON,38.895110000000003,-77.036370000000005,1298.286000000000058,1538.720000000000027,1822.709000000000060,2135.101999999999862,2488.146999999999935,2625.510000000000218,2776.639999999999873,3063.255999999999858,3376.199999999999818,3651.476999999999862,3948.969999999999800,4264.048999999999978,4604.364999999999782,4971.841999999999643,5321.729999999999563,5599.832999999999629,5867.707999999999629,6121.765000000000327,"77575","10486","2","2","212",2.470000000000000,"0",,,,OUI,Capitale,Accord Canada-Etats-Unis-Mexique,Fonds Monétaire Internationale / Banque Mondiale (ONU),"442212",73017.000000000000000,,"6","3","2",5. BETA+,4. ALPHA -,4. ALPHA -,4. ALPHA -
"1543","756",Switzerland,"22606",Zürich (Zurich),ZURICH,47.357849999999999,8.502960000000000,493.648000000000025,514.130999999999972,535.471000000000004,614.123000000000047,710.580000000000041,713.293000000000006,706.765999999999963,836.283999999999992,1005.859000000000037,1071.609999999999900,1128.804000000000087,1191.200000000000045,1257.279999999999973,1327.026000000000067,1395.355999999999995,1455.097999999999956,1514.344000000000051,1573.877999999999929,"44511","12355","2","2","0",,"0",,,,OUI,Capitale regionale,,,"109065",56666.000000000000000,1441160.500000000000000,"8","8","8",4. ALPHA -,4. ALPHA -,4. ALPHA -,3. ALPHA
